,label,image
0,MSI,MSI_0.jpg
1,MSI,MSI_1.jpg
2,MSI,MSI_2.jpg
3,MSI,MSI_3.jpg
4,MSI,MSI_4.jpg
5,MSI,MSI_5.jpg
6,MSI,MSI_6.jpg
7,MSI,MSI_7.jpg
8,MSI,MSI_8.jpg
9,MSI,MSI_9.jpg
10,MSI,MSI_10.jpg
11,MSI,MSI_11.jpg
12,MSI,MSI_12.jpg
13,MSI,MSI_13.jpg
14,MSI,MSI_14.jpg
15,MSI,MSI_15.jpg
16,MSI,MSI_16.jpg
17,MSI,MSI_17.jpg
18,MSI,MSI_18.jpg
19,MSI,MSI_19.jpg
20,MSI,MSI_20.jpg
21,MSI,MSI_21.jpg
22,MSI,MSI_22.jpg
23,MSI,MSI_23.jpg
24,MSI,MSI_24.jpg
25,MSI,MSI_25.jpg
26,MSI,MSI_26.jpg
27,MSI,MSI_27.jpg
28,MSI,MSI_28.jpg
29,MSI,MSI_29.jpg
30,MSI,MSI_30.jpg
31,MSI,MSI_31.jpg
32,MSI,MSI_32.jpg
33,MSI,MSI_33.jpg
34,MSI,MSI_34.jpg
35,MSI,MSI_35.jpg
36,MSI,MSI_36.jpg
37,MSI,MSI_37.jpg
38,MSI,MSI_38.jpg
39,MSI,MSI_39.jpg
40,MSI,MSI_40.jpg
41,MSI,MSI_41.jpg
42,MSI,MSI_42.jpg
43,MSI,MSI_43.jpg
44,MSI,MSI_44.jpg
45,MSI,MSI_45.jpg
46,MSI,MSI_46.jpg
47,MSI,MSI_47.jpg
48,MSI,MSI_48.jpg
49,MSI,MSI_49.jpg
50,MSI,MSI_50.jpg
51,MSI,MSI_51.jpg
52,MSI,MSI_52.jpg
53,MSI,MSI_53.jpg
54,MSI,MSI_54.jpg
55,MSI,MSI_55.jpg
56,MSI,MSI_56.jpg
57,MSI,MSI_57.jpg
58,MSI,MSI_58.jpg
59,MSI,MSI_59.jpg
60,MSI,MSI_60.jpg
61,MSI,MSI_61.jpg
62,MSI,MSI_62.jpg
63,MSI,MSI_63.jpg
64,MSI,MSI_64.jpg
65,MSI,MSI_65.jpg
66,MSI,MSI_66.jpg
67,MSI,MSI_67.jpg
68,MSI,MSI_68.jpg
69,MSI,MSI_69.jpg
70,MSI,MSI_70.jpg
71,MSI,MSI_71.jpg
72,MSI,MSI_72.jpg
73,MSI,MSI_73.jpg
74,MSI,MSI_74.jpg
75,MSI,MSI_75.jpg
76,MSI,MSI_76.jpg
77,MSI,MSI_77.jpg
78,MSI,MSI_78.jpg
79,MSI,MSI_79.jpg
80,MSI,MSI_80.jpg
81,MSI,MSI_81.jpg
82,MSI,MSI_82.jpg
83,MSI,MSI_83.jpg
84,MSI,MSI_84.jpg
85,MSI,MSI_85.jpg
86,MSI,MSI_86.jpg
87,MSI,MSI_87.jpg
88,MSI,MSI_88.jpg
89,MSI,MSI_89.jpg
90,MSI,MSI_90.jpg
91,MSI,MSI_91.jpg
92,MSI,MSI_92.jpg
93,MSI,MSI_93.jpg
94,MSI,MSI_94.jpg
95,MSI,MSI_95.jpg
96,MSI,MSI_96.jpg
97,MSI,MSI_97.jpg
98,MSI,MSI_98.jpg
99,MSI,MSI_99.jpg
100,MSI,MSI_100.jpg
101,MSI,MSI_101.jpg
102,MSI,MSI_102.jpg
103,MSI,MSI_103.jpg
104,MSI,MSI_104.jpg
105,MSI,MSI_105.jpg
106,MSI,MSI_106.jpg
107,MSI,MSI_107.jpg
108,MSI,MSI_108.jpg
109,MSI,MSI_109.jpg
110,MSI,MSI_110.jpg
111,MSI,MSI_111.jpg
112,MSI,MSI_112.jpg
113,MSI,MSI_113.jpg
114,MSI,MSI_114.jpg
115,MSI,MSI_115.jpg
116,MSI,MSI_116.jpg
117,MSI,MSI_117.jpg
118,MSI,MSI_118.jpg
119,MSI,MSI_119.jpg
120,MSI,MSI_120.jpg
121,MSI,MSI_121.jpg
122,MSI,MSI_122.jpg
123,MSI,MSI_123.jpg
124,MSI,MSI_124.jpg
125,MSI,MSI_125.jpg
126,MSI,MSI_126.jpg
127,MSI,MSI_127.jpg
128,MSI,MSI_128.jpg
129,MSI,MSI_129.jpg
130,MSI,MSI_130.jpg
131,MSI,MSI_131.jpg
132,MSI,MSI_132.jpg
133,MSI,MSI_133.jpg
134,MSI,MSI_134.jpg
135,MSI,MSI_135.jpg
136,MSI,MSI_136.jpg
137,MSI,MSI_137.jpg
138,MSI,MSI_138.jpg
139,MSI,MSI_139.jpg
140,MSI,MSI_140.jpg
141,MSI,MSI_141.jpg
142,MSI,MSI_142.jpg
143,MSI,MSI_143.jpg
144,MSI,MSI_144.jpg
145,MSI,MSI_145.jpg
146,MSI,MSI_146.jpg
147,MSI,MSI_147.jpg
148,MSI,MSI_148.jpg
149,MSI,MSI_149.jpg
150,MSI,MSI_150.jpg
151,MSI,MSI_151.jpg
152,MSI,MSI_152.jpg
153,MSI,MSI_153.jpg
154,MSI,MSI_154.jpg
155,MSI,MSI_155.jpg
156,MSI,MSI_156.jpg
157,MSI,MSI_157.jpg
158,MSI,MSI_158.jpg
159,MSI,MSI_159.jpg
160,MSI,MSI_160.jpg
161,MSI,MSI_161.jpg
162,MSI,MSI_162.jpg
163,MSI,MSI_163.jpg
164,MSI,MSI_164.jpg
165,MSI,MSI_165.jpg
166,MSI,MSI_166.jpg
167,MSI,MSI_167.jpg
168,MSI,MSI_168.jpg
169,MSI,MSI_169.jpg
170,MSI,MSI_170.jpg
171,MSI,MSI_171.jpg
172,MSI,MSI_172.jpg
173,MSI,MSI_173.jpg
174,MSI,MSI_174.jpg
175,MSI,MSI_175.jpg
176,MSI,MSI_176.jpg
177,MSI,MSI_177.jpg
178,MSI,MSI_178.jpg
179,MSI,MSI_179.jpg
180,MSI,MSI_180.jpg
181,MSI,MSI_181.jpg
182,MSI,MSI_182.jpg
183,MSI,MSI_183.jpg
184,MSI,MSI_184.jpg
185,MSI,MSI_185.jpg
186,MSI,MSI_186.jpg
187,MSI,MSI_187.jpg
188,MSI,MSI_188.jpg
189,MSI,MSI_189.jpg
190,MSI,MSI_190.jpg
191,MSI,MSI_191.jpg
192,MSI,MSI_192.jpg
193,MSI,MSI_193.jpg
194,MSI,MSI_194.jpg
195,MSI,MSI_195.jpg
196,MSI,MSI_196.jpg
197,MSI,MSI_197.jpg
198,MSI,MSI_198.jpg
199,MSI,MSI_199.jpg
200,MSI,MSI_200.jpg
201,MSI,MSI_201.jpg
202,MSI,MSI_202.jpg
203,MSI,MSI_203.jpg
204,MSI,MSI_204.jpg
205,MSI,MSI_205.jpg
206,MSI,MSI_206.jpg
207,MSI,MSI_207.jpg
208,MSI,MSI_208.jpg
209,MSI,MSI_209.jpg
210,MSI,MSI_210.jpg
211,MSI,MSI_211.jpg
212,MSI,MSI_212.jpg
213,MSI,MSI_213.jpg
214,MSI,MSI_214.jpg
215,MSI,MSI_215.jpg
216,MSI,MSI_216.jpg
217,MSI,MSI_217.jpg
218,MSI,MSI_218.jpg
219,MSI,MSI_219.jpg
220,MSI,MSI_220.jpg
221,MSI,MSI_221.jpg
222,MSI,MSI_222.jpg
223,MSI,MSI_223.jpg
224,MSI,MSI_224.jpg
225,MSI,MSI_225.jpg
226,MSI,MSI_226.jpg
227,MSI,MSI_227.jpg
228,MSI,MSI_228.jpg
229,MSI,MSI_229.jpg
230,MSI,MSI_230.jpg
231,MSI,MSI_231.jpg
232,MSI,MSI_232.jpg
233,MSI,MSI_233.jpg
234,MSI,MSI_234.jpg
235,MSI,MSI_235.jpg
236,MSI,MSI_236.jpg
237,MSI,MSI_237.jpg
238,MSI,MSI_238.jpg
239,MSI,MSI_239.jpg
240,MSI,MSI_240.jpg
241,MSI,MSI_241.jpg
242,MSI,MSI_242.jpg
243,MSI,MSI_243.jpg
244,MSI,MSI_244.jpg
245,MSI,MSI_245.jpg
246,MSI,MSI_246.jpg
247,MSI,MSI_247.jpg
248,MSI,MSI_248.jpg
249,MSI,MSI_249.jpg
250,MSI,MSI_250.jpg
251,MSI,MSI_251.jpg
252,MSI,MSI_252.jpg
253,MSI,MSI_253.jpg
254,MSI,MSI_254.jpg
255,MSI,MSI_255.jpg
256,MSI,MSI_256.jpg
257,MSI,MSI_257.jpg
258,MSI,MSI_258.jpg
259,MSI,MSI_259.jpg
260,MSI,MSI_260.jpg
261,MSI,MSI_261.jpg
262,MSI,MSI_262.jpg
263,MSI,MSI_263.jpg
264,MSI,MSI_264.jpg
265,MSI,MSI_265.jpg
266,MSI,MSI_266.jpg
267,MSI,MSI_267.jpg
268,MSI,MSI_268.jpg
269,MSI,MSI_269.jpg
270,MSI,MSI_270.jpg
271,MSI,MSI_271.jpg
272,MSI,MSI_272.jpg
273,MSI,MSI_273.jpg
274,MSI,MSI_274.jpg
275,MSI,MSI_275.jpg
276,MSI,MSI_276.jpg
277,MSI,MSI_277.jpg
278,MSI,MSI_278.jpg
279,MSI,MSI_279.jpg
280,MSI,MSI_280.jpg
281,MSI,MSI_281.jpg
282,MSI,MSI_282.jpg
283,MSI,MSI_283.jpg
284,MSI,MSI_284.jpg
285,MSI,MSI_285.jpg
286,MSI,MSI_286.jpg
287,MSI,MSI_287.jpg
288,MSI,MSI_288.jpg
289,MSI,MSI_289.jpg
290,MSI,MSI_290.jpg
291,MSI,MSI_291.jpg
292,MSI,MSI_292.jpg
293,MSI,MSI_293.jpg
294,MSI,MSI_294.jpg
295,MSI,MSI_295.jpg
296,MSI,MSI_296.jpg
297,MSI,MSI_297.jpg
298,MSI,MSI_298.jpg
299,MSI,MSI_299.jpg
300,MSI,MSI_300.jpg
301,MSI,MSI_301.jpg
302,MSI,MSI_302.jpg
303,MSI,MSI_303.jpg
304,MSI,MSI_304.jpg
305,MSI,MSI_305.jpg
306,MSI,MSI_306.jpg
307,MSI,MSI_307.jpg
308,MSI,MSI_308.jpg
309,MSI,MSI_309.jpg
310,MSI,MSI_310.jpg
311,MSI,MSI_311.jpg
312,MSI,MSI_312.jpg
313,MSI,MSI_313.jpg
314,MSI,MSI_314.jpg
315,MSI,MSI_315.jpg
316,MSI,MSI_316.jpg
317,MSI,MSI_317.jpg
318,MSI,MSI_318.jpg
319,MSI,MSI_319.jpg
320,MSI,MSI_320.jpg
321,MSI,MSI_321.jpg
322,MSI,MSI_322.jpg
323,MSI,MSI_323.jpg
324,MSI,MSI_324.jpg
325,MSI,MSI_325.jpg
326,MSI,MSI_326.jpg
327,MSI,MSI_327.jpg
328,MSI,MSI_328.jpg
329,MSI,MSI_329.jpg
330,MSI,MSI_330.jpg
331,MSI,MSI_331.jpg
332,MSI,MSI_332.jpg
333,MSI,MSI_333.jpg
334,MSI,MSI_334.jpg
335,MSI,MSI_335.jpg
336,MSI,MSI_336.jpg
337,MSI,MSI_337.jpg
338,MSI,MSI_338.jpg
339,MSI,MSI_339.jpg
340,MSI,MSI_340.jpg
341,MSI,MSI_341.jpg
342,MSI,MSI_342.jpg
343,MSI,MSI_343.jpg
344,MSI,MSI_344.jpg
345,MSI,MSI_345.jpg
346,MSI,MSI_346.jpg
347,MSI,MSI_347.jpg
348,MSI,MSI_348.jpg
349,MSI,MSI_349.jpg
350,MSI,MSI_350.jpg
351,MSI,MSI_351.jpg
352,MSI,MSI_352.jpg
353,MSI,MSI_353.jpg
354,MSI,MSI_354.jpg
355,MSI,MSI_355.jpg
356,MSI,MSI_356.jpg
357,MSI,MSI_357.jpg
358,MSI,MSI_358.jpg
359,MSI,MSI_359.jpg
360,MSI,MSI_360.jpg
361,MSI,MSI_361.jpg
362,MSI,MSI_362.jpg
363,MSI,MSI_363.jpg
364,MSI,MSI_364.jpg
365,MSI,MSI_365.jpg
366,MSI,MSI_366.jpg
367,MSI,MSI_367.jpg
368,MSI,MSI_368.jpg
369,MSI,MSI_369.jpg
370,MSI,MSI_370.jpg
371,MSI,MSI_371.jpg
372,MSI,MSI_372.jpg
373,MSI,MSI_373.jpg
374,MSI,MSI_374.jpg
375,MSI,MSI_375.jpg
376,MSI,MSI_376.jpg
377,MSI,MSI_377.jpg
378,MSI,MSI_378.jpg
379,MSI,MSI_379.jpg
380,MSI,MSI_380.jpg
381,MSI,MSI_381.jpg
382,MSI,MSI_382.jpg
383,MSI,MSI_383.jpg
384,MSI,MSI_384.jpg
385,MSI,MSI_385.jpg
386,MSI,MSI_386.jpg
387,MSI,MSI_387.jpg
388,MSI,MSI_388.jpg
389,MSI,MSI_389.jpg
390,MSI,MSI_390.jpg
391,MSI,MSI_391.jpg
392,MSI,MSI_392.jpg
393,MSI,MSI_393.jpg
394,MSI,MSI_394.jpg
395,MSI,MSI_395.jpg
396,MSI,MSI_396.jpg
397,MSI,MSI_397.jpg
398,MSI,MSI_398.jpg
399,MSI,MSI_399.jpg
400,MSI,MSI_400.jpg
401,MSI,MSI_401.jpg
402,MSI,MSI_402.jpg
403,MSI,MSI_403.jpg
404,MSI,MSI_404.jpg
405,MSI,MSI_405.jpg
406,MSI,MSI_406.jpg
407,MSI,MSI_407.jpg
408,MSI,MSI_408.jpg
409,MSI,MSI_409.jpg
410,MSI,MSI_410.jpg
411,MSI,MSI_411.jpg
412,MSI,MSI_412.jpg
413,MSI,MSI_413.jpg
414,MSI,MSI_414.jpg
415,MSI,MSI_415.jpg
416,MSI,MSI_416.jpg
417,MSI,MSI_417.jpg
418,MSI,MSI_418.jpg
419,MSI,MSI_419.jpg
420,MSI,MSI_420.jpg
421,MSI,MSI_421.jpg
422,MSI,MSI_422.jpg
423,MSI,MSI_423.jpg
424,MSI,MSI_424.jpg
425,MSI,MSI_425.jpg
426,MSI,MSI_426.jpg
427,MSI,MSI_427.jpg
428,MSI,MSI_428.jpg
429,MSI,MSI_429.jpg
430,MSI,MSI_430.jpg
431,MSI,MSI_431.jpg
432,MSI,MSI_432.jpg
433,MSI,MSI_433.jpg
434,MSI,MSI_434.jpg
435,MSI,MSI_435.jpg
436,MSI,MSI_436.jpg
437,MSI,MSI_437.jpg
438,MSI,MSI_438.jpg
439,MSI,MSI_439.jpg
440,MSI,MSI_440.jpg
441,MSI,MSI_441.jpg
442,MSI,MSI_442.jpg
443,MSI,MSI_443.jpg
444,MSI,MSI_444.jpg
445,MSI,MSI_445.jpg
446,MSI,MSI_446.jpg
447,MSI,MSI_447.jpg
448,MSI,MSI_448.jpg
449,MSI,MSI_449.jpg
450,MSI,MSI_450.jpg
451,MSI,MSI_451.jpg
452,MSI,MSI_452.jpg
453,MSI,MSI_453.jpg
454,MSI,MSI_454.jpg
455,MSI,MSI_455.jpg
456,MSI,MSI_456.jpg
457,MSI,MSI_457.jpg
458,MSI,MSI_458.jpg
459,MSI,MSI_459.jpg
460,MSI,MSI_460.jpg
461,MSI,MSI_461.jpg
462,MSI,MSI_462.jpg
463,MSI,MSI_463.jpg
464,MSI,MSI_464.jpg
465,MSI,MSI_465.jpg
466,MSI,MSI_466.jpg
467,MSI,MSI_467.jpg
468,MSI,MSI_468.jpg
469,MSI,MSI_469.jpg
470,MSI,MSI_470.jpg
471,MSI,MSI_471.jpg
472,MSI,MSI_472.jpg
473,MSI,MSI_473.jpg
474,MSI,MSI_474.jpg
475,MSI,MSI_475.jpg
476,MSI,MSI_476.jpg
477,MSI,MSI_477.jpg
478,MSI,MSI_478.jpg
479,MSI,MSI_479.jpg
480,MSI,MSI_480.jpg
481,MSI,MSI_481.jpg
482,MSI,MSI_482.jpg
483,MSI,MSI_483.jpg
484,MSI,MSI_484.jpg
485,MSI,MSI_485.jpg
486,MSI,MSI_486.jpg
487,MSI,MSI_487.jpg
488,MSI,MSI_488.jpg
489,MSI,MSI_489.jpg
490,MSI,MSI_490.jpg
491,MSI,MSI_491.jpg
492,MSI,MSI_492.jpg
493,MSI,MSI_493.jpg
494,MSI,MSI_494.jpg
495,MSI,MSI_495.jpg
496,MSI,MSI_496.jpg
497,MSI,MSI_497.jpg
498,MSI,MSI_498.jpg
499,MSI,MSI_499.jpg
500,MSI,MSI_500.jpg
501,MSI,MSI_501.jpg
502,MSI,MSI_502.jpg
503,MSI,MSI_503.jpg
504,MSI,MSI_504.jpg
505,MSI,MSI_505.jpg
506,MSI,MSI_506.jpg
507,MSI,MSI_507.jpg
508,MSI,MSI_508.jpg
509,MSI,MSI_509.jpg
510,MSI,MSI_510.jpg
511,MSI,MSI_511.jpg
512,MSI,MSI_512.jpg
513,MSI,MSI_513.jpg
514,MSI,MSI_514.jpg
515,MSI,MSI_515.jpg
516,MSI,MSI_516.jpg
517,MSI,MSI_517.jpg
518,MSI,MSI_518.jpg
519,MSI,MSI_519.jpg
520,MSI,MSI_520.jpg
521,MSI,MSI_521.jpg
522,MSI,MSI_522.jpg
523,MSI,MSI_523.jpg
524,MSI,MSI_524.jpg
525,MSI,MSI_525.jpg
526,MSI,MSI_526.jpg
527,MSI,MSI_527.jpg
528,MSI,MSI_528.jpg
529,MSI,MSI_529.jpg
530,MSI,MSI_530.jpg
531,MSI,MSI_531.jpg
532,MSI,MSI_532.jpg
533,MSI,MSI_533.jpg
534,MSI,MSI_534.jpg
535,MSI,MSI_535.jpg
536,MSI,MSI_536.jpg
537,MSI,MSI_537.jpg
538,MSI,MSI_538.jpg
539,MSI,MSI_539.jpg
540,MSI,MSI_540.jpg
541,MSI,MSI_541.jpg
542,MSI,MSI_542.jpg
543,MSI,MSI_543.jpg
544,MSI,MSI_544.jpg
545,MSI,MSI_545.jpg
546,MSI,MSI_546.jpg
547,MSI,MSI_547.jpg
548,MSI,MSI_548.jpg
549,MSI,MSI_549.jpg
550,MSI,MSI_550.jpg
551,MSI,MSI_551.jpg
552,MSI,MSI_552.jpg
553,MSI,MSI_553.jpg
554,MSI,MSI_554.jpg
555,MSI,MSI_555.jpg
556,MSI,MSI_556.jpg
557,MSI,MSI_557.jpg
558,MSI,MSI_558.jpg
559,MSI,MSI_559.jpg
560,MSI,MSI_560.jpg
561,MSI,MSI_561.jpg
562,MSI,MSI_562.jpg
563,MSI,MSI_563.jpg
564,MSI,MSI_564.jpg
565,MSI,MSI_565.jpg
566,MSI,MSI_566.jpg
567,MSI,MSI_567.jpg
568,MSI,MSI_568.jpg
569,MSI,MSI_569.jpg
570,MSI,MSI_570.jpg
571,MSI,MSI_571.jpg
572,MSI,MSI_572.jpg
573,MSI,MSI_573.jpg
574,MSI,MSI_574.jpg
575,MSI,MSI_575.jpg
576,MSI,MSI_576.jpg
577,MSI,MSI_577.jpg
578,MSI,MSI_578.jpg
579,MSI,MSI_579.jpg
580,MSI,MSI_580.jpg
581,MSI,MSI_581.jpg
582,MSI,MSI_582.jpg
583,MSI,MSI_583.jpg
584,MSI,MSI_584.jpg
585,MSI,MSI_585.jpg
586,MSI,MSI_586.jpg
587,MSI,MSI_587.jpg
588,MSI,MSI_588.jpg
589,MSI,MSI_589.jpg
590,MSI,MSI_590.jpg
591,MSI,MSI_591.jpg
592,MSI,MSI_592.jpg
593,MSI,MSI_593.jpg
594,MSI,MSI_594.jpg
595,MSI,MSI_595.jpg
596,MSI,MSI_596.jpg
597,MSI,MSI_597.jpg
598,MSI,MSI_598.jpg
599,MSI,MSI_599.jpg
600,MSI,MSI_600.jpg
601,MSI,MSI_601.jpg
602,MSI,MSI_602.jpg
603,MSI,MSI_603.jpg
604,MSI,MSI_604.jpg
605,MSI,MSI_605.jpg
606,MSI,MSI_606.jpg
607,MSI,MSI_607.jpg
608,MSI,MSI_608.jpg
609,MSI,MSI_609.jpg
610,MSI,MSI_610.jpg
611,MSI,MSI_611.jpg
612,MSI,MSI_612.jpg
613,MSI,MSI_613.jpg
614,MSI,MSI_614.jpg
615,MSI,MSI_615.jpg
616,MSI,MSI_616.jpg
617,MSI,MSI_617.jpg
618,MSI,MSI_618.jpg
619,MSI,MSI_619.jpg
620,MSI,MSI_620.jpg
621,MSI,MSI_621.jpg
622,MSI,MSI_622.jpg
623,MSI,MSI_623.jpg
624,MSI,MSI_624.jpg
625,MSI,MSI_625.jpg
626,MSI,MSI_626.jpg
627,MSI,MSI_627.jpg
628,MSI,MSI_628.jpg
629,MSI,MSI_629.jpg
630,MSI,MSI_630.jpg
631,MSI,MSI_631.jpg
632,MSI,MSI_632.jpg
633,MSI,MSI_633.jpg
634,MSI,MSI_634.jpg
635,MSI,MSI_635.jpg
636,MSI,MSI_636.jpg
637,MSI,MSI_637.jpg
638,MSI,MSI_638.jpg
639,MSI,MSI_639.jpg
640,MSI,MSI_640.jpg
641,MSI,MSI_641.jpg
642,MSI,MSI_642.jpg
643,MSI,MSI_643.jpg
644,MSI,MSI_644.jpg
645,MSI,MSI_645.jpg
646,MSI,MSI_646.jpg
647,MSI,MSI_647.jpg
648,MSI,MSI_648.jpg
649,MSI,MSI_649.jpg
650,MSI,MSI_650.jpg
651,MSI,MSI_651.jpg
652,MSI,MSI_652.jpg
653,MSI,MSI_653.jpg
654,MSI,MSI_654.jpg
655,MSI,MSI_655.jpg
656,MSI,MSI_656.jpg
657,MSI,MSI_657.jpg
658,MSI,MSI_658.jpg
659,MSI,MSI_659.jpg
660,MSI,MSI_660.jpg
661,MSI,MSI_661.jpg
662,MSI,MSI_662.jpg
663,MSI,MSI_663.jpg
664,MSI,MSI_664.jpg
665,MSI,MSI_665.jpg
666,MSI,MSI_666.jpg
667,MSI,MSI_667.jpg
668,MSI,MSI_668.jpg
669,MSI,MSI_669.jpg
670,MSI,MSI_670.jpg
671,MSI,MSI_671.jpg
672,MSI,MSI_672.jpg
673,MSI,MSI_673.jpg
674,MSI,MSI_674.jpg
675,MSI,MSI_675.jpg
676,MSI,MSI_676.jpg
677,MSI,MSI_677.jpg
678,MSI,MSI_678.jpg
679,MSI,MSI_679.jpg
680,MSI,MSI_680.jpg
681,MSI,MSI_681.jpg
682,MSI,MSI_682.jpg
683,MSI,MSI_683.jpg
684,MSI,MSI_684.jpg
685,MSI,MSI_685.jpg
686,MSI,MSI_686.jpg
687,MSI,MSI_687.jpg
688,MSI,MSI_688.jpg
689,MSI,MSI_689.jpg
690,MSI,MSI_690.jpg
691,MSI,MSI_691.jpg
692,MSI,MSI_692.jpg
693,MSI,MSI_693.jpg
694,MSI,MSI_694.jpg
695,MSI,MSI_695.jpg
696,MSI,MSI_696.jpg
697,MSI,MSI_697.jpg
698,MSI,MSI_698.jpg
699,MSI,MSI_699.jpg
700,MSI,MSI_700.jpg
701,MSI,MSI_701.jpg
702,MSI,MSI_702.jpg
703,MSI,MSI_703.jpg
704,MSI,MSI_704.jpg
705,MSI,MSI_705.jpg
706,MSI,MSI_706.jpg
707,MSI,MSI_707.jpg
708,MSI,MSI_708.jpg
709,MSI,MSI_709.jpg
710,MSI,MSI_710.jpg
711,MSI,MSI_711.jpg
712,MSI,MSI_712.jpg
713,MSI,MSI_713.jpg
714,MSI,MSI_714.jpg
715,MSI,MSI_715.jpg
716,MSI,MSI_716.jpg
717,MSI,MSI_717.jpg
718,MSI,MSI_718.jpg
719,MSI,MSI_719.jpg
720,MSI,MSI_720.jpg
721,MSI,MSI_721.jpg
722,MSI,MSI_722.jpg
723,MSI,MSI_723.jpg
724,MSI,MSI_724.jpg
725,MSI,MSI_725.jpg
726,MSI,MSI_726.jpg
727,MSI,MSI_727.jpg
728,MSI,MSI_728.jpg
729,MSI,MSI_729.jpg
730,MSI,MSI_730.jpg
731,MSI,MSI_731.jpg
732,MSI,MSI_732.jpg
733,MSI,MSI_733.jpg
734,MSI,MSI_734.jpg
735,MSI,MSI_735.jpg
736,MSI,MSI_736.jpg
737,MSI,MSI_737.jpg
738,MSI,MSI_738.jpg
739,MSI,MSI_739.jpg
740,MSI,MSI_740.jpg
741,MSI,MSI_741.jpg
742,MSI,MSI_742.jpg
743,MSI,MSI_743.jpg
744,MSI,MSI_744.jpg
745,MSI,MSI_745.jpg
746,MSI,MSI_746.jpg
747,MSI,MSI_747.jpg
748,MSI,MSI_748.jpg
749,MSI,MSI_749.jpg
750,MSI,MSI_750.jpg
751,MSI,MSI_751.jpg
752,MSI,MSI_752.jpg
753,MSI,MSI_753.jpg
754,MSI,MSI_754.jpg
755,MSI,MSI_755.jpg
756,MSI,MSI_756.jpg
757,MSI,MSI_757.jpg
758,MSI,MSI_758.jpg
759,MSI,MSI_759.jpg
760,MSI,MSI_760.jpg
761,MSI,MSI_761.jpg
762,MSI,MSI_762.jpg
763,MSI,MSI_763.jpg
764,MSI,MSI_764.jpg
765,MSI,MSI_765.jpg
766,MSI,MSI_766.jpg
767,MSI,MSI_767.jpg
768,MSI,MSI_768.jpg
769,MSI,MSI_769.jpg
770,MSI,MSI_770.jpg
771,MSI,MSI_771.jpg
772,MSI,MSI_772.jpg
773,MSI,MSI_773.jpg
774,MSI,MSI_774.jpg
775,MSI,MSI_775.jpg
776,MSI,MSI_776.jpg
777,MSI,MSI_777.jpg
778,MSI,MSI_778.jpg
779,MSI,MSI_779.jpg
780,MSI,MSI_780.jpg
781,MSI,MSI_781.jpg
782,MSI,MSI_782.jpg
783,MSI,MSI_783.jpg
784,MSI,MSI_784.jpg
785,MSI,MSI_785.jpg
786,MSI,MSI_786.jpg
787,MSI,MSI_787.jpg
788,MSI,MSI_788.jpg
789,MSI,MSI_789.jpg
790,MSI,MSI_790.jpg
791,MSI,MSI_791.jpg
792,MSI,MSI_792.jpg
793,MSI,MSI_793.jpg
794,MSI,MSI_794.jpg
795,MSI,MSI_795.jpg
796,MSI,MSI_796.jpg
797,MSI,MSI_797.jpg
798,MSI,MSI_798.jpg
799,MSI,MSI_799.jpg
800,MSI,MSI_800.jpg
801,MSI,MSI_801.jpg
802,MSI,MSI_802.jpg
803,MSI,MSI_803.jpg
804,MSI,MSI_804.jpg
805,MSI,MSI_805.jpg
806,MSI,MSI_806.jpg
807,MSI,MSI_807.jpg
808,MSI,MSI_808.jpg
809,MSI,MSI_809.jpg
810,MSI,MSI_810.jpg
811,MSI,MSI_811.jpg
812,MSI,MSI_812.jpg
813,MSI,MSI_813.jpg
814,MSI,MSI_814.jpg
815,MSI,MSI_815.jpg
816,MSI,MSI_816.jpg
817,MSI,MSI_817.jpg
818,MSI,MSI_818.jpg
819,MSI,MSI_819.jpg
820,MSI,MSI_820.jpg
821,MSI,MSI_821.jpg
822,MSI,MSI_822.jpg
823,MSI,MSI_823.jpg
824,MSI,MSI_824.jpg
825,MSI,MSI_825.jpg
826,MSI,MSI_826.jpg
827,MSI,MSI_827.jpg
828,MSI,MSI_828.jpg
829,MSI,MSI_829.jpg
830,MSI,MSI_830.jpg
831,MSI,MSI_831.jpg
832,MSI,MSI_832.jpg
833,MSI,MSI_833.jpg
834,MSI,MSI_834.jpg
835,MSI,MSI_835.jpg
836,MSI,MSI_836.jpg
837,MSI,MSI_837.jpg
838,MSI,MSI_838.jpg
839,MSI,MSI_839.jpg
840,MSI,MSI_840.jpg
841,MSI,MSI_841.jpg
842,MSI,MSI_842.jpg
843,MSI,MSI_843.jpg
844,MSI,MSI_844.jpg
845,MSI,MSI_845.jpg
846,MSI,MSI_846.jpg
847,MSI,MSI_847.jpg
848,MSI,MSI_848.jpg
849,MSI,MSI_849.jpg
850,MSI,MSI_850.jpg
851,MSI,MSI_851.jpg
852,MSI,MSI_852.jpg
853,MSI,MSI_853.jpg
854,MSI,MSI_854.jpg
855,MSI,MSI_855.jpg
856,MSI,MSI_856.jpg
857,MSI,MSI_857.jpg
858,MSI,MSI_858.jpg
859,MSI,MSI_859.jpg
860,MSI,MSI_860.jpg
861,MSI,MSI_861.jpg
862,MSI,MSI_862.jpg
863,MSI,MSI_863.jpg
864,MSI,MSI_864.jpg
865,MSI,MSI_865.jpg
866,MSI,MSI_866.jpg
867,MSI,MSI_867.jpg
868,MSI,MSI_868.jpg
869,MSI,MSI_869.jpg
870,MSI,MSI_870.jpg
871,MSI,MSI_871.jpg
872,MSI,MSI_872.jpg
873,MSI,MSI_873.jpg
874,MSI,MSI_874.jpg
875,MSI,MSI_875.jpg
876,MSI,MSI_876.jpg
877,MSI,MSI_877.jpg
878,MSI,MSI_878.jpg
879,MSI,MSI_879.jpg
880,MSI,MSI_880.jpg
881,MSI,MSI_881.jpg
882,MSI,MSI_882.jpg
883,MSI,MSI_883.jpg
884,MSI,MSI_884.jpg
885,MSI,MSI_885.jpg
886,MSI,MSI_886.jpg
887,MSI,MSI_887.jpg
888,MSI,MSI_888.jpg
889,MSI,MSI_889.jpg
890,MSI,MSI_890.jpg
891,MSI,MSI_891.jpg
892,MSI,MSI_892.jpg
893,MSI,MSI_893.jpg
894,MSI,MSI_894.jpg
895,MSI,MSI_895.jpg
896,MSI,MSI_896.jpg
897,MSI,MSI_897.jpg
898,MSI,MSI_898.jpg
899,MSI,MSI_899.jpg
900,MSI,MSI_900.jpg
901,MSI,MSI_901.jpg
902,MSI,MSI_902.jpg
903,MSI,MSI_903.jpg
904,MSI,MSI_904.jpg
905,MSI,MSI_905.jpg
906,MSI,MSI_906.jpg
907,MSI,MSI_907.jpg
908,MSI,MSI_908.jpg
909,MSI,MSI_909.jpg
910,MSI,MSI_910.jpg
911,MSI,MSI_911.jpg
912,MSI,MSI_912.jpg
913,MSI,MSI_913.jpg
914,MSI,MSI_914.jpg
915,MSI,MSI_915.jpg
916,MSI,MSI_916.jpg
917,MSI,MSI_917.jpg
918,MSI,MSI_918.jpg
919,MSI,MSI_919.jpg
920,MSI,MSI_920.jpg
921,MSI,MSI_921.jpg
922,MSI,MSI_922.jpg
923,MSI,MSI_923.jpg
924,MSI,MSI_924.jpg
925,MSI,MSI_925.jpg
926,MSI,MSI_926.jpg
927,MSI,MSI_927.jpg
928,MSI,MSI_928.jpg
929,MSI,MSI_929.jpg
930,MSI,MSI_930.jpg
931,MSI,MSI_931.jpg
932,MSI,MSI_932.jpg
933,MSI,MSI_933.jpg
934,MSI,MSI_934.jpg
935,MSI,MSI_935.jpg
936,MSI,MSI_936.jpg
937,MSI,MSI_937.jpg
938,MSI,MSI_938.jpg
939,MSI,MSI_939.jpg
940,MSI,MSI_940.jpg
941,MSI,MSI_941.jpg
942,MSI,MSI_942.jpg
943,MSI,MSI_943.jpg
944,MSI,MSI_944.jpg
945,MSI,MSI_945.jpg
946,MSI,MSI_946.jpg
947,MSI,MSI_947.jpg
948,MSI,MSI_948.jpg
949,MSI,MSI_949.jpg
950,MSI,MSI_950.jpg
951,MSI,MSI_951.jpg
952,MSI,MSI_952.jpg
953,MSI,MSI_953.jpg
954,MSI,MSI_954.jpg
955,MSI,MSI_955.jpg
956,MSI,MSI_956.jpg
957,MSI,MSI_957.jpg
958,MSI,MSI_958.jpg
959,MSI,MSI_959.jpg
960,MSI,MSI_960.jpg
961,MSI,MSI_961.jpg
962,MSI,MSI_962.jpg
963,MSI,MSI_963.jpg
964,MSI,MSI_964.jpg
965,MSI,MSI_965.jpg
966,MSI,MSI_966.jpg
967,MSI,MSI_967.jpg
968,MSI,MSI_968.jpg
969,MSI,MSI_969.jpg
970,MSI,MSI_970.jpg
971,MSI,MSI_971.jpg
972,MSI,MSI_972.jpg
973,MSI,MSI_973.jpg
974,MSI,MSI_974.jpg
975,MSI,MSI_975.jpg
976,MSI,MSI_976.jpg
977,MSI,MSI_977.jpg
978,MSI,MSI_978.jpg
979,MSI,MSI_979.jpg
980,MSI,MSI_980.jpg
981,MSI,MSI_981.jpg
982,MSI,MSI_982.jpg
983,MSI,MSI_983.jpg
984,MSI,MSI_984.jpg
985,MSI,MSI_985.jpg
986,MSI,MSI_986.jpg
987,MSI,MSI_987.jpg
988,MSI,MSI_988.jpg
989,MSI,MSI_989.jpg
990,MSI,MSI_990.jpg
991,MSI,MSI_991.jpg
992,MSI,MSI_992.jpg
993,MSI,MSI_993.jpg
994,MSI,MSI_994.jpg
995,MSI,MSI_995.jpg
996,MSI,MSI_996.jpg
997,MSI,MSI_997.jpg
998,MSI,MSI_998.jpg
999,MSI,MSI_999.jpg
75039,MSS,MSS_0.jpg
75040,MSS,MSS_1.jpg
75041,MSS,MSS_2.jpg
75042,MSS,MSS_3.jpg
75043,MSS,MSS_4.jpg
75044,MSS,MSS_5.jpg
75045,MSS,MSS_6.jpg
75046,MSS,MSS_7.jpg
75047,MSS,MSS_8.jpg
75048,MSS,MSS_9.jpg
75049,MSS,MSS_10.jpg
75050,MSS,MSS_11.jpg
75051,MSS,MSS_12.jpg
75052,MSS,MSS_13.jpg
75053,MSS,MSS_14.jpg
75054,MSS,MSS_15.jpg
75055,MSS,MSS_16.jpg
75056,MSS,MSS_17.jpg
75057,MSS,MSS_18.jpg
75058,MSS,MSS_19.jpg
75059,MSS,MSS_20.jpg
75060,MSS,MSS_21.jpg
75061,MSS,MSS_22.jpg
75062,MSS,MSS_23.jpg
75063,MSS,MSS_24.jpg
75064,MSS,MSS_25.jpg
75065,MSS,MSS_26.jpg
75066,MSS,MSS_27.jpg
75067,MSS,MSS_28.jpg
75068,MSS,MSS_29.jpg
75069,MSS,MSS_30.jpg
75070,MSS,MSS_31.jpg
75071,MSS,MSS_32.jpg
75072,MSS,MSS_33.jpg
75073,MSS,MSS_34.jpg
75074,MSS,MSS_35.jpg
75075,MSS,MSS_36.jpg
75076,MSS,MSS_37.jpg
75077,MSS,MSS_38.jpg
75078,MSS,MSS_39.jpg
75079,MSS,MSS_40.jpg
75080,MSS,MSS_41.jpg
75081,MSS,MSS_42.jpg
75082,MSS,MSS_43.jpg
75083,MSS,MSS_44.jpg
75084,MSS,MSS_45.jpg
75085,MSS,MSS_46.jpg
75086,MSS,MSS_47.jpg
75087,MSS,MSS_48.jpg
75088,MSS,MSS_49.jpg
75089,MSS,MSS_50.jpg
75090,MSS,MSS_51.jpg
75091,MSS,MSS_52.jpg
75092,MSS,MSS_53.jpg
75093,MSS,MSS_54.jpg
75094,MSS,MSS_55.jpg
75095,MSS,MSS_56.jpg
75096,MSS,MSS_57.jpg
75097,MSS,MSS_58.jpg
75098,MSS,MSS_59.jpg
75099,MSS,MSS_60.jpg
75100,MSS,MSS_61.jpg
75101,MSS,MSS_62.jpg
75102,MSS,MSS_63.jpg
75103,MSS,MSS_64.jpg
75104,MSS,MSS_65.jpg
75105,MSS,MSS_66.jpg
75106,MSS,MSS_67.jpg
75107,MSS,MSS_68.jpg
75108,MSS,MSS_69.jpg
75109,MSS,MSS_70.jpg
75110,MSS,MSS_71.jpg
75111,MSS,MSS_72.jpg
75112,MSS,MSS_73.jpg
75113,MSS,MSS_74.jpg
75114,MSS,MSS_75.jpg
75115,MSS,MSS_76.jpg
75116,MSS,MSS_77.jpg
75117,MSS,MSS_78.jpg
75118,MSS,MSS_79.jpg
75119,MSS,MSS_80.jpg
75120,MSS,MSS_81.jpg
75121,MSS,MSS_82.jpg
75122,MSS,MSS_83.jpg
75123,MSS,MSS_84.jpg
75124,MSS,MSS_85.jpg
75125,MSS,MSS_86.jpg
75126,MSS,MSS_87.jpg
75127,MSS,MSS_88.jpg
75128,MSS,MSS_89.jpg
75129,MSS,MSS_90.jpg
75130,MSS,MSS_91.jpg
75131,MSS,MSS_92.jpg
75132,MSS,MSS_93.jpg
75133,MSS,MSS_94.jpg
75134,MSS,MSS_95.jpg
75135,MSS,MSS_96.jpg
75136,MSS,MSS_97.jpg
75137,MSS,MSS_98.jpg
75138,MSS,MSS_99.jpg
75139,MSS,MSS_100.jpg
75140,MSS,MSS_101.jpg
75141,MSS,MSS_102.jpg
75142,MSS,MSS_103.jpg
75143,MSS,MSS_104.jpg
75144,MSS,MSS_105.jpg
75145,MSS,MSS_106.jpg
75146,MSS,MSS_107.jpg
75147,MSS,MSS_108.jpg
75148,MSS,MSS_109.jpg
75149,MSS,MSS_110.jpg
75150,MSS,MSS_111.jpg
75151,MSS,MSS_112.jpg
75152,MSS,MSS_113.jpg
75153,MSS,MSS_114.jpg
75154,MSS,MSS_115.jpg
75155,MSS,MSS_116.jpg
75156,MSS,MSS_117.jpg
75157,MSS,MSS_118.jpg
75158,MSS,MSS_119.jpg
75159,MSS,MSS_120.jpg
75160,MSS,MSS_121.jpg
75161,MSS,MSS_122.jpg
75162,MSS,MSS_123.jpg
75163,MSS,MSS_124.jpg
75164,MSS,MSS_125.jpg
75165,MSS,MSS_126.jpg
75166,MSS,MSS_127.jpg
75167,MSS,MSS_128.jpg
75168,MSS,MSS_129.jpg
75169,MSS,MSS_130.jpg
75170,MSS,MSS_131.jpg
75171,MSS,MSS_132.jpg
75172,MSS,MSS_133.jpg
75173,MSS,MSS_134.jpg
75174,MSS,MSS_135.jpg
75175,MSS,MSS_136.jpg
75176,MSS,MSS_137.jpg
75177,MSS,MSS_138.jpg
75178,MSS,MSS_139.jpg
75179,MSS,MSS_140.jpg
75180,MSS,MSS_141.jpg
75181,MSS,MSS_142.jpg
75182,MSS,MSS_143.jpg
75183,MSS,MSS_144.jpg
75184,MSS,MSS_145.jpg
75185,MSS,MSS_146.jpg
75186,MSS,MSS_147.jpg
75187,MSS,MSS_148.jpg
75188,MSS,MSS_149.jpg
75189,MSS,MSS_150.jpg
75190,MSS,MSS_151.jpg
75191,MSS,MSS_152.jpg
75192,MSS,MSS_153.jpg
75193,MSS,MSS_154.jpg
75194,MSS,MSS_155.jpg
75195,MSS,MSS_156.jpg
75196,MSS,MSS_157.jpg
75197,MSS,MSS_158.jpg
75198,MSS,MSS_159.jpg
75199,MSS,MSS_160.jpg
75200,MSS,MSS_161.jpg
75201,MSS,MSS_162.jpg
75202,MSS,MSS_163.jpg
75203,MSS,MSS_164.jpg
75204,MSS,MSS_165.jpg
75205,MSS,MSS_166.jpg
75206,MSS,MSS_167.jpg
75207,MSS,MSS_168.jpg
75208,MSS,MSS_169.jpg
75209,MSS,MSS_170.jpg
75210,MSS,MSS_171.jpg
75211,MSS,MSS_172.jpg
75212,MSS,MSS_173.jpg
75213,MSS,MSS_174.jpg
75214,MSS,MSS_175.jpg
75215,MSS,MSS_176.jpg
75216,MSS,MSS_177.jpg
75217,MSS,MSS_178.jpg
75218,MSS,MSS_179.jpg
75219,MSS,MSS_180.jpg
75220,MSS,MSS_181.jpg
75221,MSS,MSS_182.jpg
75222,MSS,MSS_183.jpg
75223,MSS,MSS_184.jpg
75224,MSS,MSS_185.jpg
75225,MSS,MSS_186.jpg
75226,MSS,MSS_187.jpg
75227,MSS,MSS_188.jpg
75228,MSS,MSS_189.jpg
75229,MSS,MSS_190.jpg
75230,MSS,MSS_191.jpg
75231,MSS,MSS_192.jpg
75232,MSS,MSS_193.jpg
75233,MSS,MSS_194.jpg
75234,MSS,MSS_195.jpg
75235,MSS,MSS_196.jpg
75236,MSS,MSS_197.jpg
75237,MSS,MSS_198.jpg
75238,MSS,MSS_199.jpg
75239,MSS,MSS_200.jpg
75240,MSS,MSS_201.jpg
75241,MSS,MSS_202.jpg
75242,MSS,MSS_203.jpg
75243,MSS,MSS_204.jpg
75244,MSS,MSS_205.jpg
75245,MSS,MSS_206.jpg
75246,MSS,MSS_207.jpg
75247,MSS,MSS_208.jpg
75248,MSS,MSS_209.jpg
75249,MSS,MSS_210.jpg
75250,MSS,MSS_211.jpg
75251,MSS,MSS_212.jpg
75252,MSS,MSS_213.jpg
75253,MSS,MSS_214.jpg
75254,MSS,MSS_215.jpg
75255,MSS,MSS_216.jpg
75256,MSS,MSS_217.jpg
75257,MSS,MSS_218.jpg
75258,MSS,MSS_219.jpg
75259,MSS,MSS_220.jpg
75260,MSS,MSS_221.jpg
75261,MSS,MSS_222.jpg
75262,MSS,MSS_223.jpg
75263,MSS,MSS_224.jpg
75264,MSS,MSS_225.jpg
75265,MSS,MSS_226.jpg
75266,MSS,MSS_227.jpg
75267,MSS,MSS_228.jpg
75268,MSS,MSS_229.jpg
75269,MSS,MSS_230.jpg
75270,MSS,MSS_231.jpg
75271,MSS,MSS_232.jpg
75272,MSS,MSS_233.jpg
75273,MSS,MSS_234.jpg
75274,MSS,MSS_235.jpg
75275,MSS,MSS_236.jpg
75276,MSS,MSS_237.jpg
75277,MSS,MSS_238.jpg
75278,MSS,MSS_239.jpg
75279,MSS,MSS_240.jpg
75280,MSS,MSS_241.jpg
75281,MSS,MSS_242.jpg
75282,MSS,MSS_243.jpg
75283,MSS,MSS_244.jpg
75284,MSS,MSS_245.jpg
75285,MSS,MSS_246.jpg
75286,MSS,MSS_247.jpg
75287,MSS,MSS_248.jpg
75288,MSS,MSS_249.jpg
75289,MSS,MSS_250.jpg
75290,MSS,MSS_251.jpg
75291,MSS,MSS_252.jpg
75292,MSS,MSS_253.jpg
75293,MSS,MSS_254.jpg
75294,MSS,MSS_255.jpg
75295,MSS,MSS_256.jpg
75296,MSS,MSS_257.jpg
75297,MSS,MSS_258.jpg
75298,MSS,MSS_259.jpg
75299,MSS,MSS_260.jpg
75300,MSS,MSS_261.jpg
75301,MSS,MSS_262.jpg
75302,MSS,MSS_263.jpg
75303,MSS,MSS_264.jpg
75304,MSS,MSS_265.jpg
75305,MSS,MSS_266.jpg
75306,MSS,MSS_267.jpg
75307,MSS,MSS_268.jpg
75308,MSS,MSS_269.jpg
75309,MSS,MSS_270.jpg
75310,MSS,MSS_271.jpg
75311,MSS,MSS_272.jpg
75312,MSS,MSS_273.jpg
75313,MSS,MSS_274.jpg
75314,MSS,MSS_275.jpg
75315,MSS,MSS_276.jpg
75316,MSS,MSS_277.jpg
75317,MSS,MSS_278.jpg
75318,MSS,MSS_279.jpg
75319,MSS,MSS_280.jpg
75320,MSS,MSS_281.jpg
75321,MSS,MSS_282.jpg
75322,MSS,MSS_283.jpg
75323,MSS,MSS_284.jpg
75324,MSS,MSS_285.jpg
75325,MSS,MSS_286.jpg
75326,MSS,MSS_287.jpg
75327,MSS,MSS_288.jpg
75328,MSS,MSS_289.jpg
75329,MSS,MSS_290.jpg
75330,MSS,MSS_291.jpg
75331,MSS,MSS_292.jpg
75332,MSS,MSS_293.jpg
75333,MSS,MSS_294.jpg
75334,MSS,MSS_295.jpg
75335,MSS,MSS_296.jpg
75336,MSS,MSS_297.jpg
75337,MSS,MSS_298.jpg
75338,MSS,MSS_299.jpg
75339,MSS,MSS_300.jpg
75340,MSS,MSS_301.jpg
75341,MSS,MSS_302.jpg
75342,MSS,MSS_303.jpg
75343,MSS,MSS_304.jpg
75344,MSS,MSS_305.jpg
75345,MSS,MSS_306.jpg
75346,MSS,MSS_307.jpg
75347,MSS,MSS_308.jpg
75348,MSS,MSS_309.jpg
75349,MSS,MSS_310.jpg
75350,MSS,MSS_311.jpg
75351,MSS,MSS_312.jpg
75352,MSS,MSS_313.jpg
75353,MSS,MSS_314.jpg
75354,MSS,MSS_315.jpg
75355,MSS,MSS_316.jpg
75356,MSS,MSS_317.jpg
75357,MSS,MSS_318.jpg
75358,MSS,MSS_319.jpg
75359,MSS,MSS_320.jpg
75360,MSS,MSS_321.jpg
75361,MSS,MSS_322.jpg
75362,MSS,MSS_323.jpg
75363,MSS,MSS_324.jpg
75364,MSS,MSS_325.jpg
75365,MSS,MSS_326.jpg
75366,MSS,MSS_327.jpg
75367,MSS,MSS_328.jpg
75368,MSS,MSS_329.jpg
75369,MSS,MSS_330.jpg
75370,MSS,MSS_331.jpg
75371,MSS,MSS_332.jpg
75372,MSS,MSS_333.jpg
75373,MSS,MSS_334.jpg
75374,MSS,MSS_335.jpg
75375,MSS,MSS_336.jpg
75376,MSS,MSS_337.jpg
75377,MSS,MSS_338.jpg
75378,MSS,MSS_339.jpg
75379,MSS,MSS_340.jpg
75380,MSS,MSS_341.jpg
75381,MSS,MSS_342.jpg
75382,MSS,MSS_343.jpg
75383,MSS,MSS_344.jpg
75384,MSS,MSS_345.jpg
75385,MSS,MSS_346.jpg
75386,MSS,MSS_347.jpg
75387,MSS,MSS_348.jpg
75388,MSS,MSS_349.jpg
75389,MSS,MSS_350.jpg
75390,MSS,MSS_351.jpg
75391,MSS,MSS_352.jpg
75392,MSS,MSS_353.jpg
75393,MSS,MSS_354.jpg
75394,MSS,MSS_355.jpg
75395,MSS,MSS_356.jpg
75396,MSS,MSS_357.jpg
75397,MSS,MSS_358.jpg
75398,MSS,MSS_359.jpg
75399,MSS,MSS_360.jpg
75400,MSS,MSS_361.jpg
75401,MSS,MSS_362.jpg
75402,MSS,MSS_363.jpg
75403,MSS,MSS_364.jpg
75404,MSS,MSS_365.jpg
75405,MSS,MSS_366.jpg
75406,MSS,MSS_367.jpg
75407,MSS,MSS_368.jpg
75408,MSS,MSS_369.jpg
75409,MSS,MSS_370.jpg
75410,MSS,MSS_371.jpg
75411,MSS,MSS_372.jpg
75412,MSS,MSS_373.jpg
75413,MSS,MSS_374.jpg
75414,MSS,MSS_375.jpg
75415,MSS,MSS_376.jpg
75416,MSS,MSS_377.jpg
75417,MSS,MSS_378.jpg
75418,MSS,MSS_379.jpg
75419,MSS,MSS_380.jpg
75420,MSS,MSS_381.jpg
75421,MSS,MSS_382.jpg
75422,MSS,MSS_383.jpg
75423,MSS,MSS_384.jpg
75424,MSS,MSS_385.jpg
75425,MSS,MSS_386.jpg
75426,MSS,MSS_387.jpg
75427,MSS,MSS_388.jpg
75428,MSS,MSS_389.jpg
75429,MSS,MSS_390.jpg
75430,MSS,MSS_391.jpg
75431,MSS,MSS_392.jpg
75432,MSS,MSS_393.jpg
75433,MSS,MSS_394.jpg
75434,MSS,MSS_395.jpg
75435,MSS,MSS_396.jpg
75436,MSS,MSS_397.jpg
75437,MSS,MSS_398.jpg
75438,MSS,MSS_399.jpg
75439,MSS,MSS_400.jpg
75440,MSS,MSS_401.jpg
75441,MSS,MSS_402.jpg
75442,MSS,MSS_403.jpg
75443,MSS,MSS_404.jpg
75444,MSS,MSS_405.jpg
75445,MSS,MSS_406.jpg
75446,MSS,MSS_407.jpg
75447,MSS,MSS_408.jpg
75448,MSS,MSS_409.jpg
75449,MSS,MSS_410.jpg
75450,MSS,MSS_411.jpg
75451,MSS,MSS_412.jpg
75452,MSS,MSS_413.jpg
75453,MSS,MSS_414.jpg
75454,MSS,MSS_415.jpg
75455,MSS,MSS_416.jpg
75456,MSS,MSS_417.jpg
75457,MSS,MSS_418.jpg
75458,MSS,MSS_419.jpg
75459,MSS,MSS_420.jpg
75460,MSS,MSS_421.jpg
75461,MSS,MSS_422.jpg
75462,MSS,MSS_423.jpg
75463,MSS,MSS_424.jpg
75464,MSS,MSS_425.jpg
75465,MSS,MSS_426.jpg
75466,MSS,MSS_427.jpg
75467,MSS,MSS_428.jpg
75468,MSS,MSS_429.jpg
75469,MSS,MSS_430.jpg
75470,MSS,MSS_431.jpg
75471,MSS,MSS_432.jpg
75472,MSS,MSS_433.jpg
75473,MSS,MSS_434.jpg
75474,MSS,MSS_435.jpg
75475,MSS,MSS_436.jpg
75476,MSS,MSS_437.jpg
75477,MSS,MSS_438.jpg
75478,MSS,MSS_439.jpg
75479,MSS,MSS_440.jpg
75480,MSS,MSS_441.jpg
75481,MSS,MSS_442.jpg
75482,MSS,MSS_443.jpg
75483,MSS,MSS_444.jpg
75484,MSS,MSS_445.jpg
75485,MSS,MSS_446.jpg
75486,MSS,MSS_447.jpg
75487,MSS,MSS_448.jpg
75488,MSS,MSS_449.jpg
75489,MSS,MSS_450.jpg
75490,MSS,MSS_451.jpg
75491,MSS,MSS_452.jpg
75492,MSS,MSS_453.jpg
75493,MSS,MSS_454.jpg
75494,MSS,MSS_455.jpg
75495,MSS,MSS_456.jpg
75496,MSS,MSS_457.jpg
75497,MSS,MSS_458.jpg
75498,MSS,MSS_459.jpg
75499,MSS,MSS_460.jpg
75500,MSS,MSS_461.jpg
75501,MSS,MSS_462.jpg
75502,MSS,MSS_463.jpg
75503,MSS,MSS_464.jpg
75504,MSS,MSS_465.jpg
75505,MSS,MSS_466.jpg
75506,MSS,MSS_467.jpg
75507,MSS,MSS_468.jpg
75508,MSS,MSS_469.jpg
75509,MSS,MSS_470.jpg
75510,MSS,MSS_471.jpg
75511,MSS,MSS_472.jpg
75512,MSS,MSS_473.jpg
75513,MSS,MSS_474.jpg
75514,MSS,MSS_475.jpg
75515,MSS,MSS_476.jpg
75516,MSS,MSS_477.jpg
75517,MSS,MSS_478.jpg
75518,MSS,MSS_479.jpg
75519,MSS,MSS_480.jpg
75520,MSS,MSS_481.jpg
75521,MSS,MSS_482.jpg
75522,MSS,MSS_483.jpg
75523,MSS,MSS_484.jpg
75524,MSS,MSS_485.jpg
75525,MSS,MSS_486.jpg
75526,MSS,MSS_487.jpg
75527,MSS,MSS_488.jpg
75528,MSS,MSS_489.jpg
75529,MSS,MSS_490.jpg
75530,MSS,MSS_491.jpg
75531,MSS,MSS_492.jpg
75532,MSS,MSS_493.jpg
75533,MSS,MSS_494.jpg
75534,MSS,MSS_495.jpg
75535,MSS,MSS_496.jpg
75536,MSS,MSS_497.jpg
75537,MSS,MSS_498.jpg
75538,MSS,MSS_499.jpg
75539,MSS,MSS_500.jpg
75540,MSS,MSS_501.jpg
75541,MSS,MSS_502.jpg
75542,MSS,MSS_503.jpg
75543,MSS,MSS_504.jpg
75544,MSS,MSS_505.jpg
75545,MSS,MSS_506.jpg
75546,MSS,MSS_507.jpg
75547,MSS,MSS_508.jpg
75548,MSS,MSS_509.jpg
75549,MSS,MSS_510.jpg
75550,MSS,MSS_511.jpg
75551,MSS,MSS_512.jpg
75552,MSS,MSS_513.jpg
75553,MSS,MSS_514.jpg
75554,MSS,MSS_515.jpg
75555,MSS,MSS_516.jpg
75556,MSS,MSS_517.jpg
75557,MSS,MSS_518.jpg
75558,MSS,MSS_519.jpg
75559,MSS,MSS_520.jpg
75560,MSS,MSS_521.jpg
75561,MSS,MSS_522.jpg
75562,MSS,MSS_523.jpg
75563,MSS,MSS_524.jpg
75564,MSS,MSS_525.jpg
75565,MSS,MSS_526.jpg
75566,MSS,MSS_527.jpg
75567,MSS,MSS_528.jpg
75568,MSS,MSS_529.jpg
75569,MSS,MSS_530.jpg
75570,MSS,MSS_531.jpg
75571,MSS,MSS_532.jpg
75572,MSS,MSS_533.jpg
75573,MSS,MSS_534.jpg
75574,MSS,MSS_535.jpg
75575,MSS,MSS_536.jpg
75576,MSS,MSS_537.jpg
75577,MSS,MSS_538.jpg
75578,MSS,MSS_539.jpg
75579,MSS,MSS_540.jpg
75580,MSS,MSS_541.jpg
75581,MSS,MSS_542.jpg
75582,MSS,MSS_543.jpg
75583,MSS,MSS_544.jpg
75584,MSS,MSS_545.jpg
75585,MSS,MSS_546.jpg
75586,MSS,MSS_547.jpg
75587,MSS,MSS_548.jpg
75588,MSS,MSS_549.jpg
75589,MSS,MSS_550.jpg
75590,MSS,MSS_551.jpg
75591,MSS,MSS_552.jpg
75592,MSS,MSS_553.jpg
75593,MSS,MSS_554.jpg
75594,MSS,MSS_555.jpg
75595,MSS,MSS_556.jpg
75596,MSS,MSS_557.jpg
75597,MSS,MSS_558.jpg
75598,MSS,MSS_559.jpg
75599,MSS,MSS_560.jpg
75600,MSS,MSS_561.jpg
75601,MSS,MSS_562.jpg
75602,MSS,MSS_563.jpg
75603,MSS,MSS_564.jpg
75604,MSS,MSS_565.jpg
75605,MSS,MSS_566.jpg
75606,MSS,MSS_567.jpg
75607,MSS,MSS_568.jpg
75608,MSS,MSS_569.jpg
75609,MSS,MSS_570.jpg
75610,MSS,MSS_571.jpg
75611,MSS,MSS_572.jpg
75612,MSS,MSS_573.jpg
75613,MSS,MSS_574.jpg
75614,MSS,MSS_575.jpg
75615,MSS,MSS_576.jpg
75616,MSS,MSS_577.jpg
75617,MSS,MSS_578.jpg
75618,MSS,MSS_579.jpg
75619,MSS,MSS_580.jpg
75620,MSS,MSS_581.jpg
75621,MSS,MSS_582.jpg
75622,MSS,MSS_583.jpg
75623,MSS,MSS_584.jpg
75624,MSS,MSS_585.jpg
75625,MSS,MSS_586.jpg
75626,MSS,MSS_587.jpg
75627,MSS,MSS_588.jpg
75628,MSS,MSS_589.jpg
75629,MSS,MSS_590.jpg
75630,MSS,MSS_591.jpg
75631,MSS,MSS_592.jpg
75632,MSS,MSS_593.jpg
75633,MSS,MSS_594.jpg
75634,MSS,MSS_595.jpg
75635,MSS,MSS_596.jpg
75636,MSS,MSS_597.jpg
75637,MSS,MSS_598.jpg
75638,MSS,MSS_599.jpg
75639,MSS,MSS_600.jpg
75640,MSS,MSS_601.jpg
75641,MSS,MSS_602.jpg
75642,MSS,MSS_603.jpg
75643,MSS,MSS_604.jpg
75644,MSS,MSS_605.jpg
75645,MSS,MSS_606.jpg
75646,MSS,MSS_607.jpg
75647,MSS,MSS_608.jpg
75648,MSS,MSS_609.jpg
75649,MSS,MSS_610.jpg
75650,MSS,MSS_611.jpg
75651,MSS,MSS_612.jpg
75652,MSS,MSS_613.jpg
75653,MSS,MSS_614.jpg
75654,MSS,MSS_615.jpg
75655,MSS,MSS_616.jpg
75656,MSS,MSS_617.jpg
75657,MSS,MSS_618.jpg
75658,MSS,MSS_619.jpg
75659,MSS,MSS_620.jpg
75660,MSS,MSS_621.jpg
75661,MSS,MSS_622.jpg
75662,MSS,MSS_623.jpg
75663,MSS,MSS_624.jpg
75664,MSS,MSS_625.jpg
75665,MSS,MSS_626.jpg
75666,MSS,MSS_627.jpg
75667,MSS,MSS_628.jpg
75668,MSS,MSS_629.jpg
75669,MSS,MSS_630.jpg
75670,MSS,MSS_631.jpg
75671,MSS,MSS_632.jpg
75672,MSS,MSS_633.jpg
75673,MSS,MSS_634.jpg
75674,MSS,MSS_635.jpg
75675,MSS,MSS_636.jpg
75676,MSS,MSS_637.jpg
75677,MSS,MSS_638.jpg
75678,MSS,MSS_639.jpg
75679,MSS,MSS_640.jpg
75680,MSS,MSS_641.jpg
75681,MSS,MSS_642.jpg
75682,MSS,MSS_643.jpg
75683,MSS,MSS_644.jpg
75684,MSS,MSS_645.jpg
75685,MSS,MSS_646.jpg
75686,MSS,MSS_647.jpg
75687,MSS,MSS_648.jpg
75688,MSS,MSS_649.jpg
75689,MSS,MSS_650.jpg
75690,MSS,MSS_651.jpg
75691,MSS,MSS_652.jpg
75692,MSS,MSS_653.jpg
75693,MSS,MSS_654.jpg
75694,MSS,MSS_655.jpg
75695,MSS,MSS_656.jpg
75696,MSS,MSS_657.jpg
75697,MSS,MSS_658.jpg
75698,MSS,MSS_659.jpg
75699,MSS,MSS_660.jpg
75700,MSS,MSS_661.jpg
75701,MSS,MSS_662.jpg
75702,MSS,MSS_663.jpg
75703,MSS,MSS_664.jpg
75704,MSS,MSS_665.jpg
75705,MSS,MSS_666.jpg
75706,MSS,MSS_667.jpg
75707,MSS,MSS_668.jpg
75708,MSS,MSS_669.jpg
75709,MSS,MSS_670.jpg
75710,MSS,MSS_671.jpg
75711,MSS,MSS_672.jpg
75712,MSS,MSS_673.jpg
75713,MSS,MSS_674.jpg
75714,MSS,MSS_675.jpg
75715,MSS,MSS_676.jpg
75716,MSS,MSS_677.jpg
75717,MSS,MSS_678.jpg
75718,MSS,MSS_679.jpg
75719,MSS,MSS_680.jpg
75720,MSS,MSS_681.jpg
75721,MSS,MSS_682.jpg
75722,MSS,MSS_683.jpg
75723,MSS,MSS_684.jpg
75724,MSS,MSS_685.jpg
75725,MSS,MSS_686.jpg
75726,MSS,MSS_687.jpg
75727,MSS,MSS_688.jpg
75728,MSS,MSS_689.jpg
75729,MSS,MSS_690.jpg
75730,MSS,MSS_691.jpg
75731,MSS,MSS_692.jpg
75732,MSS,MSS_693.jpg
75733,MSS,MSS_694.jpg
75734,MSS,MSS_695.jpg
75735,MSS,MSS_696.jpg
75736,MSS,MSS_697.jpg
75737,MSS,MSS_698.jpg
75738,MSS,MSS_699.jpg
75739,MSS,MSS_700.jpg
75740,MSS,MSS_701.jpg
75741,MSS,MSS_702.jpg
75742,MSS,MSS_703.jpg
75743,MSS,MSS_704.jpg
75744,MSS,MSS_705.jpg
75745,MSS,MSS_706.jpg
75746,MSS,MSS_707.jpg
75747,MSS,MSS_708.jpg
75748,MSS,MSS_709.jpg
75749,MSS,MSS_710.jpg
75750,MSS,MSS_711.jpg
75751,MSS,MSS_712.jpg
75752,MSS,MSS_713.jpg
75753,MSS,MSS_714.jpg
75754,MSS,MSS_715.jpg
75755,MSS,MSS_716.jpg
75756,MSS,MSS_717.jpg
75757,MSS,MSS_718.jpg
75758,MSS,MSS_719.jpg
75759,MSS,MSS_720.jpg
75760,MSS,MSS_721.jpg
75761,MSS,MSS_722.jpg
75762,MSS,MSS_723.jpg
75763,MSS,MSS_724.jpg
75764,MSS,MSS_725.jpg
75765,MSS,MSS_726.jpg
75766,MSS,MSS_727.jpg
75767,MSS,MSS_728.jpg
75768,MSS,MSS_729.jpg
75769,MSS,MSS_730.jpg
75770,MSS,MSS_731.jpg
75771,MSS,MSS_732.jpg
75772,MSS,MSS_733.jpg
75773,MSS,MSS_734.jpg
75774,MSS,MSS_735.jpg
75775,MSS,MSS_736.jpg
75776,MSS,MSS_737.jpg
75777,MSS,MSS_738.jpg
75778,MSS,MSS_739.jpg
75779,MSS,MSS_740.jpg
75780,MSS,MSS_741.jpg
75781,MSS,MSS_742.jpg
75782,MSS,MSS_743.jpg
75783,MSS,MSS_744.jpg
75784,MSS,MSS_745.jpg
75785,MSS,MSS_746.jpg
75786,MSS,MSS_747.jpg
75787,MSS,MSS_748.jpg
75788,MSS,MSS_749.jpg
75789,MSS,MSS_750.jpg
75790,MSS,MSS_751.jpg
75791,MSS,MSS_752.jpg
75792,MSS,MSS_753.jpg
75793,MSS,MSS_754.jpg
75794,MSS,MSS_755.jpg
75795,MSS,MSS_756.jpg
75796,MSS,MSS_757.jpg
75797,MSS,MSS_758.jpg
75798,MSS,MSS_759.jpg
75799,MSS,MSS_760.jpg
75800,MSS,MSS_761.jpg
75801,MSS,MSS_762.jpg
75802,MSS,MSS_763.jpg
75803,MSS,MSS_764.jpg
75804,MSS,MSS_765.jpg
75805,MSS,MSS_766.jpg
75806,MSS,MSS_767.jpg
75807,MSS,MSS_768.jpg
75808,MSS,MSS_769.jpg
75809,MSS,MSS_770.jpg
75810,MSS,MSS_771.jpg
75811,MSS,MSS_772.jpg
75812,MSS,MSS_773.jpg
75813,MSS,MSS_774.jpg
75814,MSS,MSS_775.jpg
75815,MSS,MSS_776.jpg
75816,MSS,MSS_777.jpg
75817,MSS,MSS_778.jpg
75818,MSS,MSS_779.jpg
75819,MSS,MSS_780.jpg
75820,MSS,MSS_781.jpg
75821,MSS,MSS_782.jpg
75822,MSS,MSS_783.jpg
75823,MSS,MSS_784.jpg
75824,MSS,MSS_785.jpg
75825,MSS,MSS_786.jpg
75826,MSS,MSS_787.jpg
75827,MSS,MSS_788.jpg
75828,MSS,MSS_789.jpg
75829,MSS,MSS_790.jpg
75830,MSS,MSS_791.jpg
75831,MSS,MSS_792.jpg
75832,MSS,MSS_793.jpg
75833,MSS,MSS_794.jpg
75834,MSS,MSS_795.jpg
75835,MSS,MSS_796.jpg
75836,MSS,MSS_797.jpg
75837,MSS,MSS_798.jpg
75838,MSS,MSS_799.jpg
75839,MSS,MSS_800.jpg
75840,MSS,MSS_801.jpg
75841,MSS,MSS_802.jpg
75842,MSS,MSS_803.jpg
75843,MSS,MSS_804.jpg
75844,MSS,MSS_805.jpg
75845,MSS,MSS_806.jpg
75846,MSS,MSS_807.jpg
75847,MSS,MSS_808.jpg
75848,MSS,MSS_809.jpg
75849,MSS,MSS_810.jpg
75850,MSS,MSS_811.jpg
75851,MSS,MSS_812.jpg
75852,MSS,MSS_813.jpg
75853,MSS,MSS_814.jpg
75854,MSS,MSS_815.jpg
75855,MSS,MSS_816.jpg
75856,MSS,MSS_817.jpg
75857,MSS,MSS_818.jpg
75858,MSS,MSS_819.jpg
75859,MSS,MSS_820.jpg
75860,MSS,MSS_821.jpg
75861,MSS,MSS_822.jpg
75862,MSS,MSS_823.jpg
75863,MSS,MSS_824.jpg
75864,MSS,MSS_825.jpg
75865,MSS,MSS_826.jpg
75866,MSS,MSS_827.jpg
75867,MSS,MSS_828.jpg
75868,MSS,MSS_829.jpg
75869,MSS,MSS_830.jpg
75870,MSS,MSS_831.jpg
75871,MSS,MSS_832.jpg
75872,MSS,MSS_833.jpg
75873,MSS,MSS_834.jpg
75874,MSS,MSS_835.jpg
75875,MSS,MSS_836.jpg
75876,MSS,MSS_837.jpg
75877,MSS,MSS_838.jpg
75878,MSS,MSS_839.jpg
75879,MSS,MSS_840.jpg
75880,MSS,MSS_841.jpg
75881,MSS,MSS_842.jpg
75882,MSS,MSS_843.jpg
75883,MSS,MSS_844.jpg
75884,MSS,MSS_845.jpg
75885,MSS,MSS_846.jpg
75886,MSS,MSS_847.jpg
75887,MSS,MSS_848.jpg
75888,MSS,MSS_849.jpg
75889,MSS,MSS_850.jpg
75890,MSS,MSS_851.jpg
75891,MSS,MSS_852.jpg
75892,MSS,MSS_853.jpg
75893,MSS,MSS_854.jpg
75894,MSS,MSS_855.jpg
75895,MSS,MSS_856.jpg
75896,MSS,MSS_857.jpg
75897,MSS,MSS_858.jpg
75898,MSS,MSS_859.jpg
75899,MSS,MSS_860.jpg
75900,MSS,MSS_861.jpg
75901,MSS,MSS_862.jpg
75902,MSS,MSS_863.jpg
75903,MSS,MSS_864.jpg
75904,MSS,MSS_865.jpg
75905,MSS,MSS_866.jpg
75906,MSS,MSS_867.jpg
75907,MSS,MSS_868.jpg
75908,MSS,MSS_869.jpg
75909,MSS,MSS_870.jpg
75910,MSS,MSS_871.jpg
75911,MSS,MSS_872.jpg
75912,MSS,MSS_873.jpg
75913,MSS,MSS_874.jpg
75914,MSS,MSS_875.jpg
75915,MSS,MSS_876.jpg
75916,MSS,MSS_877.jpg
75917,MSS,MSS_878.jpg
75918,MSS,MSS_879.jpg
75919,MSS,MSS_880.jpg
75920,MSS,MSS_881.jpg
75921,MSS,MSS_882.jpg
75922,MSS,MSS_883.jpg
75923,MSS,MSS_884.jpg
75924,MSS,MSS_885.jpg
75925,MSS,MSS_886.jpg
75926,MSS,MSS_887.jpg
75927,MSS,MSS_888.jpg
75928,MSS,MSS_889.jpg
75929,MSS,MSS_890.jpg
75930,MSS,MSS_891.jpg
75931,MSS,MSS_892.jpg
75932,MSS,MSS_893.jpg
75933,MSS,MSS_894.jpg
75934,MSS,MSS_895.jpg
75935,MSS,MSS_896.jpg
75936,MSS,MSS_897.jpg
75937,MSS,MSS_898.jpg
75938,MSS,MSS_899.jpg
75939,MSS,MSS_900.jpg
75940,MSS,MSS_901.jpg
75941,MSS,MSS_902.jpg
75942,MSS,MSS_903.jpg
75943,MSS,MSS_904.jpg
75944,MSS,MSS_905.jpg
75945,MSS,MSS_906.jpg
75946,MSS,MSS_907.jpg
75947,MSS,MSS_908.jpg
75948,MSS,MSS_909.jpg
75949,MSS,MSS_910.jpg
75950,MSS,MSS_911.jpg
75951,MSS,MSS_912.jpg
75952,MSS,MSS_913.jpg
75953,MSS,MSS_914.jpg
75954,MSS,MSS_915.jpg
75955,MSS,MSS_916.jpg
75956,MSS,MSS_917.jpg
75957,MSS,MSS_918.jpg
75958,MSS,MSS_919.jpg
75959,MSS,MSS_920.jpg
75960,MSS,MSS_921.jpg
75961,MSS,MSS_922.jpg
75962,MSS,MSS_923.jpg
75963,MSS,MSS_924.jpg
75964,MSS,MSS_925.jpg
75965,MSS,MSS_926.jpg
75966,MSS,MSS_927.jpg
75967,MSS,MSS_928.jpg
75968,MSS,MSS_929.jpg
75969,MSS,MSS_930.jpg
75970,MSS,MSS_931.jpg
75971,MSS,MSS_932.jpg
75972,MSS,MSS_933.jpg
75973,MSS,MSS_934.jpg
75974,MSS,MSS_935.jpg
75975,MSS,MSS_936.jpg
75976,MSS,MSS_937.jpg
75977,MSS,MSS_938.jpg
75978,MSS,MSS_939.jpg
75979,MSS,MSS_940.jpg
75980,MSS,MSS_941.jpg
75981,MSS,MSS_942.jpg
75982,MSS,MSS_943.jpg
75983,MSS,MSS_944.jpg
75984,MSS,MSS_945.jpg
75985,MSS,MSS_946.jpg
75986,MSS,MSS_947.jpg
75987,MSS,MSS_948.jpg
75988,MSS,MSS_949.jpg
75989,MSS,MSS_950.jpg
75990,MSS,MSS_951.jpg
75991,MSS,MSS_952.jpg
75992,MSS,MSS_953.jpg
75993,MSS,MSS_954.jpg
75994,MSS,MSS_955.jpg
75995,MSS,MSS_956.jpg
75996,MSS,MSS_957.jpg
75997,MSS,MSS_958.jpg
75998,MSS,MSS_959.jpg
75999,MSS,MSS_960.jpg
76000,MSS,MSS_961.jpg
76001,MSS,MSS_962.jpg
76002,MSS,MSS_963.jpg
76003,MSS,MSS_964.jpg
76004,MSS,MSS_965.jpg
76005,MSS,MSS_966.jpg
76006,MSS,MSS_967.jpg
76007,MSS,MSS_968.jpg
76008,MSS,MSS_969.jpg
76009,MSS,MSS_970.jpg
76010,MSS,MSS_971.jpg
76011,MSS,MSS_972.jpg
76012,MSS,MSS_973.jpg
76013,MSS,MSS_974.jpg
76014,MSS,MSS_975.jpg
76015,MSS,MSS_976.jpg
76016,MSS,MSS_977.jpg
76017,MSS,MSS_978.jpg
76018,MSS,MSS_979.jpg
76019,MSS,MSS_980.jpg
76020,MSS,MSS_981.jpg
76021,MSS,MSS_982.jpg
76022,MSS,MSS_983.jpg
76023,MSS,MSS_984.jpg
76024,MSS,MSS_985.jpg
76025,MSS,MSS_986.jpg
76026,MSS,MSS_987.jpg
76027,MSS,MSS_988.jpg
76028,MSS,MSS_989.jpg
76029,MSS,MSS_990.jpg
76030,MSS,MSS_991.jpg
76031,MSS,MSS_992.jpg
76032,MSS,MSS_993.jpg
76033,MSS,MSS_994.jpg
76034,MSS,MSS_995.jpg
76035,MSS,MSS_996.jpg
76036,MSS,MSS_997.jpg
76037,MSS,MSS_998.jpg
76038,MSS,MSS_999.jpg
